{"cameraMode":{"drawMode":0,"name":"Shaded","section":"Shading Mode"},"sceneLighting":false,"audioPlay":false,"sceneViewState":{"m_AlwaysRefresh":false,"showFog":true,"showSkybox":false,"showFlares":true,"showImageEffects":true,"showParticleSystems":true,"showVisualEffectGraphs":true,"m_FxEnabled":true},"in2DMode":false,"pivot":{"x":-0.2666621208190918,"y":0.23579101264476777,"z":0.37733516097068789},"rotation":{"x":-0.037615057080984119,"y":-0.9275033473968506,"z":0.35900789499282839,"w":-0.09717852622270584},"size":1.490795612335205,"orthographic":false}